Counter,Zip,Error
12400,99576,ValidationException: Item size has exceeded the maximum allowed size status code: 400, request id: B92LCN4IFHMTS0BEQOR1U5UO9JVV4KQNSO5AEMVJF66Q9ASUAAJG
12413,99664,ValidationException: Item size has exceeded the maximum allowed size status code: 400, request id: IOMTELQKC87UQB3SJILVNHB90FVV4KQNSO5AEMVJF66Q9ASUAAJG
12443,89835,ValidationException: Item size has exceeded the maximum allowed size status code: 400, request id: VS24BREKCJ0HM8SCIQNG357IVRVV4KQNSO5AEMVJF66Q9ASUAAJG
12559,82443,ValidationException: Item size has exceeded the maximum allowed size status code: 400, request id: GIKCN8CFFS55O57JGU41T32M23VV4KQNSO5AEMVJF66Q9ASUAAJG
12570,82633,ValidationException: Item size has exceeded the maximum allowed size status code: 400, request id: MQ08TDANCRASENR81U9S5G4ELVVV4KQNSO5AEMVJF66Q9ASUAAJG
12585,82520,ValidationException: Item size has exceeded the maximum allowed size status code: 400, request id: BTHI3H2JMNS7FPIP7SBL65J9FVVV4KQNSO5AEMVJF66Q9ASUAAJG
12649,97467,ValidationException: Item size has exceeded the maximum allowed size status code: 400, request id: 96GMR102V2HAS37R08DCLE4IQBVV4KQNSO5AEMVJF66Q9ASUAAJG
12667,97754,ValidationException: Item size has exceeded the maximum allowed size status code: 400, request id: B0JERKMGTPEDD86VLEKMTTT6M7VV4KQNSO5AEMVJF66Q9ASUAAJG
12671,97630,ValidationException: Item size has exceeded the maximum allowed size status code: 400, request id: E2DIHEKHR7QBD1POLL6IQSDS47VV4KQNSO5AEMVJF66Q9ASUAAJG
12678,97720,ValidationException: Item size has exceeded the maximum allowed size status code: 400, request id: H7DLS3SFGQGEF57COGTQE1U3BFVV4KQNSO5AEMVJF66Q9ASUAAJG
12761,99768,ValidationException: Item size has exceeded the maximum allowed size status code: 400, request id: F5MHRTKFRATL39R1SAJCRH3R67VV4KQNSO5AEMVJF66Q9ASUAAJG
12773,99833,ValidationException: Item size has exceeded the maximum allowed size status code: 400, request id: 4CBGA80GSVQ4P5QIHI08TAJ6F7VV4KQNSO5AEMVJF66Q9ASUAAJG
12818,99740,ValidationException: Item size has exceeded the maximum allowed size status code: 400, request id: JUFK4QMTJGA7VR8VT4P73EHCBVVV4KQNSO5AEMVJF66Q9ASUAAJG
12830,99820,ValidationException: Item size has exceeded the maximum allowed size status code: 400, request id: KPJ9607JNT6N9JAFCN9HRMVA57VV4KQNSO5AEMVJF66Q9ASUAAJG
12836,99760,ValidationException: Item size has exceeded the maximum allowed size status code: 400, request id: HQOG2KD8GG5NMJCLR8IMV3DQA3VV4KQNSO5AEMVJF66Q9ASUAAJG
12837,99737,ValidationException: Item size has exceeded the maximum allowed size status code: 400, request id: EB20ECMGB6A869J2BERE6A9H27VV4KQNSO5AEMVJF66Q9ASUAAJG
12848,99901,ValidationException: Item size has exceeded the maximum allowed size status code: 400, request id: R1O5CIKBSFFRS6HVHS3FMHG2VNVV4KQNSO5AEMVJF66Q9ASUAAJG
12879,99921,ValidationException: Item size has exceeded the maximum allowed size status code: 400, request id: P0AU6AS0P3221NB2TIUGR5TQKRVV4KQNSO5AEMVJF66Q9ASUAAJG
12933,97484,ValidationException: Item size has exceeded the maximum allowed size status code: 400, request id: JV05UMG6HQKKA1MNGBVP38HG0VVV4KQNSO5AEMVJF66Q9ASUAAJG
13031,99756,ValidationException: Item size has exceeded the maximum allowed size status code: 400, request id: 6KD8AUB3P77KNJSVI0FKMU5EDNVV4KQNSO5AEMVJF66Q9ASUAAJG
13055,99835,ValidationException: Item size has exceeded the maximum allowed size status code: 400, request id: 6BSEGTT3EH4ARHE76C77RS1TKFVV4KQNSO5AEMVJF66Q9ASUAAJG
13075,99603,ValidationException: Item size has exceeded the maximum allowed size status code: 400, request id: G0LQEEQPS5PQ7E1E71L0QR1DPFVV4KQNSO5AEMVJF66Q9ASUAAJG
13087,99780,ValidationException: Item size has exceeded the maximum allowed size status code: 400, request id: 2MPTT4SATCDPUGITAVMG6O5BRRVV4KQNSO5AEMVJF66Q9ASUAAJG
13097,99627,ValidationException: Item size has exceeded the maximum allowed size status code: 400, request id: LNKGDDL1IT4PFK9ERQI9UN9CEJVV4KQNSO5AEMVJF66Q9ASUAAJG
13196,89801,ValidationException: Item size has exceeded the maximum allowed size status code: 400, request id: E6OJVUVTATO7HEC0021BJB8KARVV4KQNSO5AEMVJF66Q9ASUAAJG
13250,97447,ValidationException: Item size has exceeded the maximum allowed size status code: 400, request id: G58VL5310RR97TJHB31DU2R0PRVV4KQNSO5AEMVJF66Q9ASUAAJG
13332,97624,ValidationException: Item size has exceeded the maximum allowed size status code: 400, request id: QGLUCB5RHFOOT973FJE91TGJHVVV4KQNSO5AEMVJF66Q9ASUAAJG
13333,97601,ValidationException: Item size has exceeded the maximum allowed size status code: 400, request id: HK95R3I3V6IN02T112EO5R6M9VVV4KQNSO5AEMVJF66Q9ASUAAJG
13350,97759,ValidationException: Item size has exceeded the maximum allowed size status code: 400, request id: BDJPL5MH58IFG5FDJP8LS53POBVV4KQNSO5AEMVJF66Q9ASUAAJG
13377,97814,ValidationException: Item size has exceeded the maximum allowed size status code: 400, request id: J0ERLB98TQD7L5HU3PEPUERGUNVV4KQNSO5AEMVJF66Q9ASUAAJG
16859,83638,ValidationException: Item size has exceeded the maximum allowed size status code: 400, request id: 60USVLVI8E5V8J3VV7CF5G8RAJVV4KQNSO5AEMVJF66Q9ASUAAJG
17012,83226,ValidationException: Item size has exceeded the maximum allowed size status code: 400, request id: OJCBKMJF6GVRNO1FN66N7CT0CFVV4KQNSO5AEMVJF66Q9ASUAAJG
17044,83716,ValidationException: Item size has exceeded the maximum allowed size status code: 400, request id: P98OBF7A5UV48EK8L0BINUV9F3VV4KQNSO5AEMVJF66Q9ASUAAJG
17226,86044,ValidationException: Item size has exceeded the maximum allowed size status code: 400, request id: ERC5QB9EUU01BM00R7HEF8ET6JVV4KQNSO5AEMVJF66Q9ASUAAJG
18617,87825,ValidationException: Item size has exceeded the maximum allowed size status code: 400, request id: 9NMSJFFNEQU6AFVNQQPNGC6TSRVV4KQNSO5AEMVJF66Q9ASUAAJG
18830,83611,ValidationException: Item size has exceeded the maximum allowed size status code: 400, request id: BQ6RS3LL9G25MMO8TJ3VINMCCVVV4KQNSO5AEMVJF66Q9ASUAAJG
19098,83423,ValidationException: Item size has exceeded the maximum allowed size status code: 400, request id: KEU14SUS4TPTPPK8UKCH27DII7VV4KQNSO5AEMVJF66Q9ASUAAJG
19108,83539,ValidationException: Item size has exceeded the maximum allowed size status code: 400, request id: RD3OJMKG77R0Q2C1GO5TFJQHS7VV4KQNSO5AEMVJF66Q9ASUAAJG
19116,83469,ValidationException: Item size has exceeded the maximum allowed size status code: 400, request id: B4GU6FPF0SDH38QCKMK8RI9BMRVV4KQNSO5AEMVJF66Q9ASUAAJG
19133,97910,ValidationException: Item size has exceeded the maximum allowed size status code: 400, request id: 63K893H12AG0RE0POLJPFKR2ONVV4KQNSO5AEMVJF66Q9ASUAAJG
21163,99615,ValidationException: Item size has exceeded the maximum allowed size status code: 400, request id: F6JR09RVITGUCR6HLCLPV583IRVV4KQNSO5AEMVJF66Q9ASUAAJG
21295,84078,ValidationException: Item size has exceeded the maximum allowed size status code: 400, request id: 93TLRMAAE9SJB5ME4U9H5TL76VVV4KQNSO5AEMVJF66Q9ASUAAJG
21427,84532,ValidationException: Item size has exceeded the maximum allowed size status code: 400, request id: KFF02ROF92KQUCK1URHTBTI8TRVV4KQNSO5AEMVJF66Q9ASUAAJG
21446,84533,ValidationException: Item size has exceeded the maximum allowed size status code: 400, request id: C9B4CJPU06RE3KA329I6H0OEO3VV4KQNSO5AEMVJF66Q9ASUAAJG
21473,84741,ValidationException: Item size has exceeded the maximum allowed size status code: 400, request id: 1LT2ON6J4NB1M1A0VMJUI0NK6FVV4KQNSO5AEMVJF66Q9ASUAAJG
27908,75935,ValidationException: Item size has exceeded the maximum allowed size status code: 400, request id: D4OLV7TEBF7C5J77MQKTC61AOFVV4KQNSO5AEMVJF66Q9ASUAAJG
27958,79843,ValidationException: Item size has exceeded the maximum allowed size status code: 400, request id: KKCUEF8AH67U2RR4UDDC57L04VVV4KQNSO5AEMVJF66Q9ASUAAJG
27995,79735,ValidationException: Item size has exceeded the maximum allowed size status code: 400, request id: P4L83TIPRLLKNL8B5S12FTJI1NVV4KQNSO5AEMVJF66Q9ASUAAJG
28383,95490,ValidationException: Item size has exceeded the maximum allowed size status code: 400, request id: L7F0F1J7HEDK10D38JG3J782KFVV4KQNSO5AEMVJF66Q9ASUAAJG
28481,96105,ValidationException: Item size has exceeded the maximum allowed size status code: 400, request id: E7JOG6DCPNTHT84VDSTRDV7F4FVV4KQNSO5AEMVJF66Q9ASUAAJG
28521,96032,ValidationException: Item size has exceeded the maximum allowed size status code: 400, request id: LHJRN07FAF88HKE2VJ21Q0NE4RVV4KQNSO5AEMVJF66Q9ASUAAJG
28580,95428,ValidationException: Item size has exceeded the maximum allowed size status code: 400, request id: ACUPPUOG6KSTVUJ5R3Q2J1MTU3VV4KQNSO5AEMVJF66Q9ASUAAJG
28702,93453,ValidationException: Item size has exceeded the maximum allowed size status code: 400, request id: GCIGHKUVLG1VJEA6928F75TKBVVV4KQNSO5AEMVJF66Q9ASUAAJG
28910,96080,ValidationException: Item size has exceeded the maximum allowed size status code: 400, request id: D9RDLG0026D109C7BLJHNJCMIBVV4KQNSO5AEMVJF66Q9ASUAAJG
29025,96027,ValidationException: Item size has exceeded the maximum allowed size status code: 400, request id: EHKC6JFUB68HJG5NDETM50VDOJVV4KQNSO5AEMVJF66Q9ASUAAJG
29065,96058,ValidationException: Item size has exceeded the maximum allowed size status code: 400, request id: S4AEMATDDITRCE1HL3SP0LO40FVV4KQNSO5AEMVJF66Q9ASUAAJG
29090,96039,ValidationException: Item size has exceeded the maximum allowed size status code: 400, request id: P2NFHP88TPGB2FK820TR5ASO17VV4KQNSO5AEMVJF66Q9ASUAAJG
29343,95939,ValidationException: Item size has exceeded the maximum allowed size status code: 400, request id: RK3LDGQ1DALC3I9A1FVLB753FVVV4KQNSO5AEMVJF66Q9ASUAAJG
29904,95959,ValidationException: Item size has exceeded the maximum allowed size status code: 400, request id: FDB09R3O0K2ED09CLRTP7O5RGFVV4KQNSO5AEMVJF66Q9ASUAAJG
32752,23063,ValidationException: Item size has exceeded the maximum allowed size status code: 400, request id: O0J8QR3LI940UV07E6GSJK5FJNVV4KQNSO5AEMVJF66Q9ASUAAJG
33095,23231,ValidationException: Item size has exceeded the maximum allowed size status code: 400, request id: 48IITTHVQG2LDV6A6J75436KR3VV4KQNSO5AEMVJF66Q9ASUAAJG
